"Date","month","day","year","hour","Day.of.Week","weekday","Peakhour","temperature","prediction"
"12/1/2014",12,1,2014,0,1,1,0,51.98,"Optimal"
"12/1/2014",12,1,2014,1,1,1,0,51.98,"Optimal"
"12/1/2014",12,1,2014,2,1,1,0,51.08,"Optimal"
"12/1/2014",12,1,2014,3,1,1,0,51.08,"Optimal"
"12/1/2014",12,1,2014,4,1,1,0,51.08,"Optimal"
"12/1/2014",12,1,2014,5,1,1,0,51.08,"Optimal"
"12/1/2014",12,1,2014,6,1,1,1,50,"Optimal"
"12/1/2014",12,1,2014,7,1,1,1,53.06,"Above_Normal"
"12/1/2014",12,1,2014,8,1,1,1,55.94,"Above_Normal"
"12/1/2014",12,1,2014,9,1,1,1,60.08,"Above_Normal"
"12/1/2014",12,1,2014,10,1,1,1,60.08,"Above_Normal"
"12/1/2014",12,1,2014,11,1,1,1,62.06,"Above_Normal"
"12/1/2014",12,1,2014,12,1,1,1,62.96,"Above_Normal"
"12/1/2014",12,1,2014,13,1,1,1,60.98,"Above_Normal"
"12/1/2014",12,1,2014,14,1,1,1,57.92,"Above_Normal"
"12/1/2014",12,1,2014,15,1,1,1,55.04,"Optimal"
"12/1/2014",12,1,2014,16,1,1,1,53.06,"Optimal"
"12/1/2014",12,1,2014,17,1,1,1,51.08,"Optimal"
"12/1/2014",12,1,2014,18,1,1,1,48.92,"Optimal"
"12/1/2014",12,1,2014,19,1,1,0,48.02,"Optimal"
"12/1/2014",12,1,2014,20,1,1,0,46.94,"Optimal"
"12/1/2014",12,1,2014,21,1,1,0,42.98,"Optimal"
"12/1/2014",12,1,2014,22,1,1,0,41,"Optimal"
"12/1/2014",12,1,2014,23,1,1,0,39.02,"Optimal"
"12/2/2014",12,2,2014,0,2,1,0,37.94,"Optimal"
"12/2/2014",12,2,2014,1,2,1,0,37.04,"Optimal"
"12/2/2014",12,2,2014,2,2,1,0,35.96,"Optimal"
"12/2/2014",12,2,2014,3,2,1,0,35.06,"Optimal"
"12/2/2014",12,2,2014,4,2,1,0,35.06,"Optimal"
"12/2/2014",12,2,2014,5,2,1,0,33.98,"Optimal"
"12/2/2014",12,2,2014,6,2,1,1,33.98,"Optimal"
"12/2/2014",12,2,2014,7,2,1,1,33.08,"Above_Normal"
"12/2/2014",12,2,2014,8,2,1,1,33.08,"Above_Normal"
"12/2/2014",12,2,2014,9,2,1,1,33.98,"Above_Normal"
"12/2/2014",12,2,2014,10,2,1,1,35.06,"Above_Normal"
"12/2/2014",12,2,2014,11,2,1,1,37.04,"Above_Normal"
"12/2/2014",12,2,2014,12,2,1,1,37.04,"Above_Normal"
"12/2/2014",12,2,2014,13,2,1,1,37.04,"Above_Normal"
"12/2/2014",12,2,2014,14,2,1,1,37.04,"Above_Normal"
"12/2/2014",12,2,2014,15,2,1,1,37.22,"Optimal"
"12/2/2014",12,2,2014,16,2,1,1,35.96,"Optimal"
"12/2/2014",12,2,2014,17,2,1,1,35.96,"Optimal"
"12/2/2014",12,2,2014,18,2,1,1,36.68,"Optimal"
"12/2/2014",12,2,2014,19,2,1,0,37.04,"Optimal"
"12/2/2014",12,2,2014,20,2,1,0,37.67,"Optimal"
"12/2/2014",12,2,2014,21,2,1,0,39.02,"Optimal"
"12/2/2014",12,2,2014,22,2,1,0,39.32,"Optimal"
"12/2/2014",12,2,2014,23,2,1,0,41,"Optimal"
"12/3/2014",12,3,2014,0,3,1,0,42.89,"Optimal"
"12/3/2014",12,3,2014,1,3,1,0,43.82,"Optimal"
"12/3/2014",12,3,2014,2,3,1,0,44.96,"Optimal"
"12/3/2014",12,3,2014,3,3,1,0,44.78,"Optimal"
"12/3/2014",12,3,2014,4,3,1,0,45.14,"Optimal"
"12/3/2014",12,3,2014,5,3,1,0,45.23,"Optimal"
"12/3/2014",12,3,2014,6,3,1,1,37.58,"Optimal"
"12/3/2014",12,3,2014,7,3,1,1,37.22,"Above_Normal"
"12/3/2014",12,3,2014,8,3,1,1,37.94,"Above_Normal"
"12/3/2014",12,3,2014,9,3,1,1,39.02,"Above_Normal"
"12/3/2014",12,3,2014,10,3,1,1,40.1,"Above_Normal"
"12/3/2014",12,3,2014,11,3,1,1,44.06,"Above_Normal"
"12/3/2014",12,3,2014,12,3,1,1,46.31,"Above_Normal"
"12/3/2014",12,3,2014,13,3,1,1,50,"Above_Normal"
"12/3/2014",12,3,2014,14,3,1,1,51.08,"Above_Normal"
"12/3/2014",12,3,2014,15,3,1,1,51.44,"Optimal"
"12/3/2014",12,3,2014,16,3,1,1,50,"Optimal"
"12/3/2014",12,3,2014,17,3,1,1,50,"Optimal"
"12/3/2014",12,3,2014,18,3,1,1,50,"Optimal"
"12/3/2014",12,3,2014,19,3,1,0,49.46,"Optimal"
"12/3/2014",12,3,2014,20,3,1,0,48.02,"Optimal"
"12/3/2014",12,3,2014,21,3,1,0,42.98,"Optimal"
"12/3/2014",12,3,2014,22,3,1,0,42.08,"Optimal"
"12/3/2014",12,3,2014,23,3,1,0,39.92,"Optimal"
"12/4/2014",12,4,2014,0,4,1,0,39.02,"Optimal"
"12/4/2014",12,4,2014,1,4,1,0,37.94,"Optimal"
"12/4/2014",12,4,2014,2,4,1,0,37.94,"Optimal"
"12/4/2014",12,4,2014,3,4,1,0,37.04,"Optimal"
"12/4/2014",12,4,2014,4,4,1,0,37.04,"Optimal"
"12/4/2014",12,4,2014,5,4,1,0,33.98,"Optimal"
"12/4/2014",12,4,2014,6,4,1,1,33.98,"Optimal"
"12/4/2014",12,4,2014,7,4,1,1,35.06,"Above_Normal"
"12/4/2014",12,4,2014,8,4,1,1,37.94,"Above_Normal"
"12/4/2014",12,4,2014,9,4,1,1,39.92,"Above_Normal"
"12/4/2014",12,4,2014,10,4,1,1,41,"Above_Normal"
"12/4/2014",12,4,2014,11,4,1,1,42.08,"Above_Normal"
"12/4/2014",12,4,2014,12,4,1,1,42.98,"Above_Normal"
"12/4/2014",12,4,2014,13,4,1,1,42.98,"Above_Normal"
"12/4/2014",12,4,2014,14,4,1,1,42.08,"Above_Normal"
"12/4/2014",12,4,2014,15,4,1,1,39.92,"Optimal"
"12/4/2014",12,4,2014,16,4,1,1,37.04,"Optimal"
"12/4/2014",12,4,2014,17,4,1,1,35.96,"Optimal"
"12/4/2014",12,4,2014,18,4,1,1,33.98,"Optimal"
"12/4/2014",12,4,2014,19,4,1,0,33.08,"Optimal"
"12/4/2014",12,4,2014,20,4,1,0,32,"Optimal"
"12/4/2014",12,4,2014,21,4,1,0,30.92,"Optimal"
"12/4/2014",12,4,2014,22,4,1,0,30.02,"Optimal"
"12/4/2014",12,4,2014,23,4,1,0,30.02,"Optimal"
"12/5/2014",12,5,2014,0,5,1,0,28.94,"Optimal"
"12/5/2014",12,5,2014,1,5,1,0,28.04,"Optimal"
"12/5/2014",12,5,2014,2,5,1,0,28.04,"Optimal"
"12/5/2014",12,5,2014,3,5,1,0,26.96,"Optimal"
"12/5/2014",12,5,2014,4,5,1,0,26.96,"Optimal"
"12/5/2014",12,5,2014,5,5,1,0,26.96,"Optimal"
"12/5/2014",12,5,2014,6,5,1,1,26.06,"Optimal"
"12/5/2014",12,5,2014,7,5,1,1,26.96,"Above_Normal"
"12/5/2014",12,5,2014,8,5,1,1,30.02,"Above_Normal"
"12/5/2014",12,5,2014,9,5,1,1,32,"Above_Normal"
"12/5/2014",12,5,2014,10,5,1,1,35.96,"Above_Normal"
"12/5/2014",12,5,2014,11,5,1,1,37.94,"Above_Normal"
"12/5/2014",12,5,2014,12,5,1,1,42.08,"Above_Normal"
"12/5/2014",12,5,2014,13,5,1,1,42.08,"Above_Normal"
"12/5/2014",12,5,2014,14,5,1,1,41,"Above_Normal"
"12/5/2014",12,5,2014,15,5,1,1,39.92,"Optimal"
"12/5/2014",12,5,2014,16,5,1,1,39.92,"Optimal"
"12/5/2014",12,5,2014,17,5,1,1,39.92,"Optimal"
"12/5/2014",12,5,2014,18,5,1,1,41,"Optimal"
"12/5/2014",12,5,2014,19,5,1,0,41,"Optimal"
"12/5/2014",12,5,2014,20,5,1,0,41,"Optimal"
"12/5/2014",12,5,2014,21,5,1,0,41,"Optimal"
"12/5/2014",12,5,2014,22,5,1,0,39.92,"Optimal"
"12/5/2014",12,5,2014,23,5,1,0,39.56,"Optimal"
"12/6/2014",12,6,2014,0,6,0,0,39.74,"Optimal"
"12/6/2014",12,6,2014,1,6,0,0,40.1,"Optimal"
"12/6/2014",12,6,2014,2,6,0,0,42.08,"Optimal"
"12/6/2014",12,6,2014,3,6,0,0,42.86,"Optimal"
"12/6/2014",12,6,2014,4,6,0,0,44.42,"Optimal"
"12/6/2014",12,6,2014,5,6,0,0,44.78,"Optimal"
"12/6/2014",12,6,2014,6,6,0,1,44.78,"Optimal"
"12/6/2014",12,6,2014,7,6,0,1,44.72,"Optimal"
"12/6/2014",12,6,2014,8,6,0,1,41,"Optimal"
"12/6/2014",12,6,2014,9,6,0,1,39.14,"Optimal"
"12/6/2014",12,6,2014,10,6,0,1,37.94,"Optimal"
"12/6/2014",12,6,2014,11,6,0,1,39.02,"Optimal"
"12/6/2014",12,6,2014,12,6,0,1,39.02,"Optimal"
"12/6/2014",12,6,2014,13,6,0,1,39.56,"Optimal"
"12/6/2014",12,6,2014,14,6,0,1,39.92,"Optimal"
"12/6/2014",12,6,2014,15,6,0,1,41,"Optimal"
"12/6/2014",12,6,2014,16,6,0,1,41,"Optimal"
"12/6/2014",12,6,2014,17,6,0,1,41,"Optimal"
"12/6/2014",12,6,2014,18,6,0,1,39.02,"Optimal"
"12/6/2014",12,6,2014,19,6,0,0,39.02,"Optimal"
"12/6/2014",12,6,2014,20,6,0,0,39.02,"Optimal"
"12/6/2014",12,6,2014,21,6,0,0,39.02,"Optimal"
"12/6/2014",12,6,2014,22,6,0,0,37.94,"Optimal"
"12/6/2014",12,6,2014,23,6,0,0,37.94,"Optimal"
"12/7/2014",12,7,2014,0,0,0,0,37.22,"Optimal"
"12/7/2014",12,7,2014,1,0,0,0,35.78,"Optimal"
"12/7/2014",12,7,2014,2,0,0,0,37.22,"Optimal"
"12/7/2014",12,7,2014,3,0,0,0,37.22,"Optimal"
"12/7/2014",12,7,2014,4,0,0,0,35.96,"Optimal"
"12/7/2014",12,7,2014,5,0,0,0,35.06,"Optimal"
"12/7/2014",12,7,2014,6,0,0,1,33.89,"Optimal"
"12/7/2014",12,7,2014,7,0,0,1,33.98,"Optimal"
"12/7/2014",12,7,2014,8,0,0,1,33.98,"Optimal"
"12/7/2014",12,7,2014,9,0,0,1,33.98,"Optimal"
"12/7/2014",12,7,2014,10,0,0,1,33.98,"Optimal"
"12/7/2014",12,7,2014,11,0,0,1,33.98,"Optimal"
"12/7/2014",12,7,2014,12,0,0,1,33.98,"Optimal"
"12/7/2014",12,7,2014,13,0,0,1,35.96,"Optimal"
"12/7/2014",12,7,2014,14,0,0,1,37.04,"Optimal"
"12/7/2014",12,7,2014,15,0,0,1,35.96,"Optimal"
"12/7/2014",12,7,2014,16,0,0,1,32,"Optimal"
"12/7/2014",12,7,2014,17,0,0,1,30.02,"Optimal"
"12/7/2014",12,7,2014,18,0,0,1,28.04,"Optimal"
"12/7/2014",12,7,2014,19,0,0,0,26.06,"Optimal"
"12/7/2014",12,7,2014,20,0,0,0,24.08,"Optimal"
"12/7/2014",12,7,2014,21,0,0,0,23,"Optimal"
"12/7/2014",12,7,2014,22,0,0,0,21.92,"Optimal"
"12/7/2014",12,7,2014,23,0,0,0,21.02,"Optimal"
"12/8/2014",12,8,2014,0,1,1,0,19.67,"Optimal"
"12/8/2014",12,8,2014,1,1,1,0,19.94,"Optimal"
"12/8/2014",12,8,2014,2,1,1,0,19.04,"Optimal"
"12/8/2014",12,8,2014,3,1,1,0,19.04,"Optimal"
"12/8/2014",12,8,2014,4,1,1,0,19.04,"Optimal"
"12/8/2014",12,8,2014,5,1,1,0,17.96,"Optimal"
"12/8/2014",12,8,2014,6,1,1,1,19.04,"Optimal"
"12/8/2014",12,8,2014,7,1,1,1,19.04,"Above_Normal"
"12/8/2014",12,8,2014,8,1,1,1,19.94,"Above_Normal"
"12/8/2014",12,8,2014,9,1,1,1,21.02,"Above_Normal"
"12/8/2014",12,8,2014,10,1,1,1,21.02,"Above_Normal"
"12/8/2014",12,8,2014,11,1,1,1,21.92,"Above_Normal"
"12/8/2014",12,8,2014,12,1,1,1,23,"Above_Normal"
"12/8/2014",12,8,2014,13,1,1,1,24.08,"Above_Normal"
"12/8/2014",12,8,2014,14,1,1,1,24.08,"Above_Normal"
"12/8/2014",12,8,2014,15,1,1,1,24.89,"Optimal"
"12/8/2014",12,8,2014,16,1,1,1,24.98,"Optimal"
"12/8/2014",12,8,2014,17,1,1,1,26.06,"Optimal"
"12/8/2014",12,8,2014,18,1,1,1,26.06,"Optimal"
"12/8/2014",12,8,2014,19,1,1,0,26.33,"Optimal"
"12/8/2014",12,8,2014,20,1,1,0,25.79,"Optimal"
"12/8/2014",12,8,2014,21,1,1,0,24.89,"Optimal"
"12/8/2014",12,8,2014,22,1,1,0,25.43,"Optimal"
"12/8/2014",12,8,2014,23,1,1,0,27.635,"Optimal"
"12/9/2014",12,9,2014,0,2,1,0,30.32,"Optimal"
"12/9/2014",12,9,2014,1,2,1,0,32.66,"Optimal"
"12/9/2014",12,9,2014,2,2,1,0,39.2,"Optimal"
"12/9/2014",12,9,2014,3,2,1,0,42.08,"Optimal"
"12/9/2014",12,9,2014,4,2,1,0,37.04,"Optimal"
"12/9/2014",12,9,2014,5,2,1,0,37.4,"Optimal"
"12/9/2014",12,9,2014,6,2,1,1,42.89,"Optimal"
"12/9/2014",12,9,2014,7,2,1,1,42.98,"Above_Normal"
"12/9/2014",12,9,2014,8,2,1,1,44.06,"Above_Normal"
"12/9/2014",12,9,2014,9,2,1,1,44.96,"Above_Normal"
"12/9/2014",12,9,2014,10,2,1,1,44.78,"Above_Normal"
"12/9/2014",12,9,2014,11,2,1,1,44.96,"Above_Normal"
"12/9/2014",12,9,2014,12,2,1,1,46.28,"Above_Normal"
"12/9/2014",12,9,2014,13,2,1,1,46.94,"Above_Normal"
"12/9/2014",12,9,2014,14,2,1,1,46.94,"Above_Normal"
"12/9/2014",12,9,2014,15,2,1,1,46.58,"Optimal"
"12/9/2014",12,9,2014,16,2,1,1,48.02,"Optimal"
"12/9/2014",12,9,2014,17,2,1,1,48.14,"Optimal"
"12/9/2014",12,9,2014,18,2,1,1,48.44,"Optimal"
"12/9/2014",12,9,2014,19,2,1,0,48.92,"Optimal"
"12/9/2014",12,9,2014,20,2,1,0,48.56,"Optimal"
"12/9/2014",12,9,2014,21,2,1,0,48.92,"Optimal"
"12/9/2014",12,9,2014,22,2,1,0,48.92,"Optimal"
"12/9/2014",12,9,2014,23,2,1,0,48.92,"Optimal"
"12/10/2014",12,10,2014,0,3,1,0,46.04,"Optimal"
"12/10/2014",12,10,2014,1,3,1,0,44.96,"Optimal"
"12/10/2014",12,10,2014,2,3,1,0,42.98,"Optimal"
"12/10/2014",12,10,2014,3,3,1,0,42.08,"Optimal"
"12/10/2014",12,10,2014,4,3,1,0,42.08,"Optimal"
"12/10/2014",12,10,2014,5,3,1,0,42.2,"Optimal"
"12/10/2014",12,10,2014,6,3,1,1,41,"Optimal"
"12/10/2014",12,10,2014,7,3,1,1,41.9,"Above_Normal"
"12/10/2014",12,10,2014,8,3,1,1,41,"Above_Normal"
"12/10/2014",12,10,2014,9,3,1,1,41,"Above_Normal"
"12/10/2014",12,10,2014,10,3,1,1,41.36,"Above_Normal"
"12/10/2014",12,10,2014,11,3,1,1,42.56,"Above_Normal"
"12/10/2014",12,10,2014,12,3,1,1,42.44,"Above_Normal"
"12/10/2014",12,10,2014,13,3,1,1,42.56,"Above_Normal"
"12/10/2014",12,10,2014,14,3,1,1,41,"Above_Normal"
"12/10/2014",12,10,2014,15,3,1,1,39.92,"Optimal"
"12/10/2014",12,10,2014,16,3,1,1,39.92,"Optimal"
"12/10/2014",12,10,2014,17,3,1,1,39.11,"Optimal"
"12/10/2014",12,10,2014,18,3,1,1,39.11,"Optimal"
"12/10/2014",12,10,2014,19,3,1,0,39.02,"Optimal"
"12/10/2014",12,10,2014,20,3,1,0,39.14,"Optimal"
"12/10/2014",12,10,2014,21,3,1,0,37.94,"Optimal"
"12/10/2014",12,10,2014,22,3,1,0,39.02,"Optimal"
"12/10/2014",12,10,2014,23,3,1,0,39.02,"Optimal"
"12/11/2014",12,11,2014,0,4,1,0,39.14,"Optimal"
"12/11/2014",12,11,2014,1,4,1,0,39.155,"Optimal"
"12/11/2014",12,11,2014,2,4,1,0,37.94,"Optimal"
"12/11/2014",12,11,2014,3,4,1,0,37.94,"Optimal"
"12/11/2014",12,11,2014,4,4,1,0,37.04,"Optimal"
"12/11/2014",12,11,2014,5,4,1,0,35.96,"Optimal"
"12/11/2014",12,11,2014,6,4,1,1,35.06,"Optimal"
"12/11/2014",12,11,2014,7,4,1,1,35.33,"Above_Normal"
"12/11/2014",12,11,2014,8,4,1,1,35.33,"Above_Normal"
"12/11/2014",12,11,2014,9,4,1,1,34.43,"Above_Normal"
"12/11/2014",12,11,2014,10,4,1,1,33.98,"Above_Normal"
"12/11/2014",12,11,2014,11,4,1,1,33.89,"Above_Normal"
"12/11/2014",12,11,2014,12,4,1,1,33.656,"Above_Normal"
"12/11/2014",12,11,2014,13,4,1,1,33.86,"Above_Normal"
"12/11/2014",12,11,2014,14,4,1,1,33.86,"Above_Normal"
"12/11/2014",12,11,2014,15,4,1,1,33.98,"Optimal"
"12/11/2014",12,11,2014,16,4,1,1,33.89,"Optimal"
"12/11/2014",12,11,2014,17,4,1,1,33.98,"Optimal"
"12/11/2014",12,11,2014,18,4,1,1,33.08,"Optimal"
"12/11/2014",12,11,2014,19,4,1,0,33.08,"Optimal"
"12/11/2014",12,11,2014,20,4,1,0,32,"Optimal"
"12/11/2014",12,11,2014,21,4,1,0,32,"Optimal"
"12/11/2014",12,11,2014,22,4,1,0,32,"Optimal"
"12/11/2014",12,11,2014,23,4,1,0,32,"Optimal"
"12/12/2014",12,12,2014,0,5,1,0,32,"Optimal"
"12/12/2014",12,12,2014,1,5,1,0,30.92,"Optimal"
"12/12/2014",12,12,2014,2,5,1,0,30.92,"Optimal"
"12/12/2014",12,12,2014,3,5,1,0,30.92,"Optimal"
"12/12/2014",12,12,2014,4,5,1,0,30.92,"Optimal"
"12/12/2014",12,12,2014,5,5,1,0,32,"Optimal"
"12/12/2014",12,12,2014,6,5,1,1,32,"Optimal"
"12/12/2014",12,12,2014,7,5,1,1,32,"Above_Normal"
"12/12/2014",12,12,2014,8,5,1,1,33.98,"Above_Normal"
"12/12/2014",12,12,2014,9,5,1,1,35.06,"Above_Normal"
"12/12/2014",12,12,2014,10,5,1,1,36.32,"Above_Normal"
"12/12/2014",12,12,2014,11,5,1,1,35.96,"Above_Normal"
"12/12/2014",12,12,2014,12,5,1,1,37.04,"Above_Normal"
"12/12/2014",12,12,2014,13,5,1,1,37.67,"Above_Normal"
"12/12/2014",12,12,2014,14,5,1,1,37.94,"Above_Normal"
"12/12/2014",12,12,2014,15,5,1,1,37.94,"Optimal"
"12/12/2014",12,12,2014,16,5,1,1,37.04,"Optimal"
"12/12/2014",12,12,2014,17,5,1,1,35.96,"Optimal"
"12/12/2014",12,12,2014,18,5,1,1,36.68,"Optimal"
"12/12/2014",12,12,2014,19,5,1,0,35.33,"Optimal"
"12/12/2014",12,12,2014,20,5,1,0,33.98,"Optimal"
"12/12/2014",12,12,2014,21,5,1,0,33.98,"Optimal"
"12/12/2014",12,12,2014,22,5,1,0,33.98,"Optimal"
"12/12/2014",12,12,2014,23,5,1,0,33.08,"Optimal"
"12/13/2014",12,13,2014,0,6,0,0,33.08,"Optimal"
"12/13/2014",12,13,2014,1,6,0,0,33.08,"Optimal"
"12/13/2014",12,13,2014,2,6,0,0,33.08,"Optimal"
"12/13/2014",12,13,2014,3,6,0,0,32,"Optimal"
"12/13/2014",12,13,2014,4,6,0,0,32,"Optimal"
"12/13/2014",12,13,2014,5,6,0,0,32,"Optimal"
"12/13/2014",12,13,2014,6,6,0,1,32,"Optimal"
"12/13/2014",12,13,2014,7,6,0,1,33.08,"Optimal"
"12/13/2014",12,13,2014,8,6,0,1,33.8,"Optimal"
"12/13/2014",12,13,2014,9,6,0,1,35.06,"Optimal"
"12/13/2014",12,13,2014,10,6,0,1,35.96,"Optimal"
"12/13/2014",12,13,2014,11,6,0,1,37.94,"Optimal"
"12/13/2014",12,13,2014,12,6,0,1,39.92,"Optimal"
"12/13/2014",12,13,2014,13,6,0,1,41,"Optimal"
"12/13/2014",12,13,2014,14,6,0,1,41,"Optimal"
"12/13/2014",12,13,2014,15,6,0,1,39.92,"Optimal"
"12/13/2014",12,13,2014,16,6,0,1,39.02,"Optimal"
"12/13/2014",12,13,2014,17,6,0,1,39.02,"Optimal"
"12/13/2014",12,13,2014,18,6,0,1,37.94,"Optimal"
"12/13/2014",12,13,2014,19,6,0,0,37.04,"Optimal"
"12/13/2014",12,13,2014,20,6,0,0,35.96,"Optimal"
"12/13/2014",12,13,2014,21,6,0,0,33.98,"Optimal"
"12/13/2014",12,13,2014,22,6,0,0,33.98,"Optimal"
"12/13/2014",12,13,2014,23,6,0,0,33.08,"Optimal"
"12/14/2014",12,14,2014,0,0,0,0,33.98,"Optimal"
"12/14/2014",12,14,2014,1,0,0,0,33.98,"Optimal"
"12/14/2014",12,14,2014,2,0,0,0,33.98,"Optimal"
"12/14/2014",12,14,2014,3,0,0,0,33.98,"Optimal"
"12/14/2014",12,14,2014,4,0,0,0,33.08,"Optimal"
"12/14/2014",12,14,2014,5,0,0,0,33.98,"Optimal"
"12/14/2014",12,14,2014,6,0,0,1,33.98,"Optimal"
"12/14/2014",12,14,2014,7,0,0,1,33.98,"Optimal"
"12/14/2014",12,14,2014,8,0,0,1,35.42,"Optimal"
"12/14/2014",12,14,2014,9,0,0,1,37.04,"Optimal"
"12/14/2014",12,14,2014,10,0,0,1,39.02,"Optimal"
"12/14/2014",12,14,2014,11,0,0,1,41,"Optimal"
"12/14/2014",12,14,2014,12,0,0,1,42.98,"Optimal"
"12/14/2014",12,14,2014,13,0,0,1,44.06,"Optimal"
"12/14/2014",12,14,2014,14,0,0,1,44.06,"Optimal"
"12/14/2014",12,14,2014,15,0,0,1,42.98,"Optimal"
"12/14/2014",12,14,2014,16,0,0,1,41,"Optimal"
"12/14/2014",12,14,2014,17,0,0,1,39.92,"Optimal"
"12/14/2014",12,14,2014,18,0,0,1,37.94,"Optimal"
"12/14/2014",12,14,2014,19,0,0,0,37.04,"Optimal"
"12/14/2014",12,14,2014,20,0,0,0,35.06,"Optimal"
"12/14/2014",12,14,2014,21,0,0,0,35.06,"Optimal"
"12/14/2014",12,14,2014,22,0,0,0,33.98,"Optimal"
"12/14/2014",12,14,2014,23,0,0,0,33.98,"Optimal"
"12/15/2014",12,15,2014,0,1,1,0,33.98,"Optimal"
"12/15/2014",12,15,2014,1,1,1,0,33.08,"Optimal"
"12/15/2014",12,15,2014,2,1,1,0,33.08,"Optimal"
"12/15/2014",12,15,2014,3,1,1,0,33.08,"Optimal"
"12/15/2014",12,15,2014,4,1,1,0,33.08,"Optimal"
"12/15/2014",12,15,2014,5,1,1,0,33.08,"Optimal"
"12/15/2014",12,15,2014,6,1,1,1,32,"Optimal"
"12/15/2014",12,15,2014,7,1,1,1,33.98,"Above_Normal"
"12/15/2014",12,15,2014,8,1,1,1,35.06,"Above_Normal"
"12/15/2014",12,15,2014,9,1,1,1,37.04,"Above_Normal"
"12/15/2014",12,15,2014,10,1,1,1,39.02,"Above_Normal"
"12/15/2014",12,15,2014,11,1,1,1,41,"Above_Normal"
"12/15/2014",12,15,2014,12,1,1,1,39.92,"Above_Normal"
"12/15/2014",12,15,2014,13,1,1,1,39.92,"Above_Normal"
"12/15/2014",12,15,2014,14,1,1,1,39.02,"Above_Normal"
"12/15/2014",12,15,2014,15,1,1,1,37.94,"Optimal"
"12/15/2014",12,15,2014,16,1,1,1,37.04,"Optimal"
"12/15/2014",12,15,2014,17,1,1,1,39.02,"Optimal"
"12/15/2014",12,15,2014,18,1,1,1,37.04,"Optimal"
"12/15/2014",12,15,2014,19,1,1,0,37.94,"Optimal"
"12/15/2014",12,15,2014,20,1,1,0,35.96,"Optimal"
"12/15/2014",12,15,2014,21,1,1,0,35.96,"Optimal"
"12/15/2014",12,15,2014,22,1,1,0,36.32,"Optimal"
"12/15/2014",12,15,2014,23,1,1,0,37.94,"Optimal"
"12/16/2014",12,16,2014,0,2,1,0,35.96,"Optimal"
"12/16/2014",12,16,2014,1,2,1,0,35.06,"Optimal"
"12/16/2014",12,16,2014,2,2,1,0,35.06,"Optimal"
"12/16/2014",12,16,2014,3,2,1,0,35.06,"Optimal"
"12/16/2014",12,16,2014,4,2,1,0,35.96,"Optimal"
"12/16/2014",12,16,2014,5,2,1,0,37.04,"Optimal"
"12/16/2014",12,16,2014,6,2,1,1,37.94,"Optimal"
"12/16/2014",12,16,2014,7,2,1,1,39.02,"Above_Normal"
"12/16/2014",12,16,2014,8,2,1,1,39.02,"Above_Normal"
"12/16/2014",12,16,2014,9,2,1,1,39.92,"Above_Normal"
"12/16/2014",12,16,2014,10,2,1,1,41,"Above_Normal"
"12/16/2014",12,16,2014,11,2,1,1,39.92,"Above_Normal"
"12/16/2014",12,16,2014,12,2,1,1,39.92,"Above_Normal"
"12/16/2014",12,16,2014,13,2,1,1,39.92,"Above_Normal"
"12/16/2014",12,16,2014,14,2,1,1,39.92,"Above_Normal"
"12/16/2014",12,16,2014,15,2,1,1,39.92,"Optimal"
"12/16/2014",12,16,2014,16,2,1,1,41,"Optimal"
"12/16/2014",12,16,2014,17,2,1,1,41.54,"Optimal"
"12/16/2014",12,16,2014,18,2,1,1,42.08,"Optimal"
"12/16/2014",12,16,2014,19,2,1,0,42.98,"Optimal"
"12/16/2014",12,16,2014,20,2,1,0,43.43,"Optimal"
"12/16/2014",12,16,2014,21,2,1,0,44.06,"Optimal"
"12/16/2014",12,16,2014,22,2,1,0,44.06,"Optimal"
"12/16/2014",12,16,2014,23,2,1,0,42.98,"Optimal"
"12/17/2014",12,17,2014,0,3,1,0,43.46,"Optimal"
"12/17/2014",12,17,2014,1,3,1,0,44.06,"Optimal"
"12/17/2014",12,17,2014,2,3,1,0,44.96,"Optimal"
"12/17/2014",12,17,2014,3,3,1,0,46.04,"Optimal"
"12/17/2014",12,17,2014,4,3,1,0,46.94,"Optimal"
"12/17/2014",12,17,2014,5,3,1,0,44.96,"Optimal"
"12/17/2014",12,17,2014,6,3,1,1,44.42,"Optimal"
"12/17/2014",12,17,2014,7,3,1,1,42.98,"Above_Normal"
"12/17/2014",12,17,2014,8,3,1,1,42.98,"Above_Normal"
"12/17/2014",12,17,2014,9,3,1,1,42.89,"Above_Normal"
"12/17/2014",12,17,2014,10,3,1,1,42.44,"Above_Normal"
"12/17/2014",12,17,2014,11,3,1,1,42.86,"Above_Normal"
"12/17/2014",12,17,2014,12,3,1,1,44.78,"Above_Normal"
"12/17/2014",12,17,2014,13,3,1,1,46.04,"Above_Normal"
"12/17/2014",12,17,2014,14,3,1,1,46.67,"Above_Normal"
"12/17/2014",12,17,2014,15,3,1,1,47.21,"Optimal"
"12/17/2014",12,17,2014,16,3,1,1,48.02,"Optimal"
"12/17/2014",12,17,2014,17,3,1,1,46.94,"Optimal"
"12/17/2014",12,17,2014,18,3,1,1,45.86,"Optimal"
"12/17/2014",12,17,2014,19,3,1,0,44.96,"Optimal"
"12/17/2014",12,17,2014,20,3,1,0,44.06,"Optimal"
"12/17/2014",12,17,2014,21,3,1,0,42.98,"Optimal"
"12/17/2014",12,17,2014,22,3,1,0,42.08,"Optimal"
"12/17/2014",12,17,2014,23,3,1,0,41,"Optimal"
"12/18/2014",12,18,2014,0,4,1,0,39.92,"Optimal"
"12/18/2014",12,18,2014,1,4,1,0,39.92,"Optimal"
"12/18/2014",12,18,2014,2,4,1,0,39.92,"Optimal"
"12/18/2014",12,18,2014,3,4,1,0,39.92,"Optimal"
"12/18/2014",12,18,2014,4,4,1,0,39.02,"Optimal"
"12/18/2014",12,18,2014,5,4,1,0,37.04,"Optimal"
"12/18/2014",12,18,2014,6,4,1,1,37.04,"Optimal"
"12/18/2014",12,18,2014,7,4,1,1,36.32,"Above_Normal"
"12/18/2014",12,18,2014,8,4,1,1,37.04,"Above_Normal"
"12/18/2014",12,18,2014,9,4,1,1,39.92,"Above_Normal"
"12/18/2014",12,18,2014,10,4,1,1,41,"Above_Normal"
"12/18/2014",12,18,2014,11,4,1,1,42.98,"Above_Normal"
"12/18/2014",12,18,2014,12,4,1,1,42.98,"Above_Normal"
"12/18/2014",12,18,2014,13,4,1,1,42.98,"Above_Normal"
"12/18/2014",12,18,2014,14,4,1,1,42.98,"Above_Normal"
"12/18/2014",12,18,2014,15,4,1,1,42.08,"Optimal"
"12/18/2014",12,18,2014,16,4,1,1,41,"Optimal"
"12/18/2014",12,18,2014,17,4,1,1,41,"Optimal"
"12/18/2014",12,18,2014,18,4,1,1,39.92,"Optimal"
"12/18/2014",12,18,2014,19,4,1,0,39.02,"Optimal"
"12/18/2014",12,18,2014,20,4,1,0,39.02,"Optimal"
"12/18/2014",12,18,2014,21,4,1,0,39.02,"Optimal"
"12/18/2014",12,18,2014,22,4,1,0,37.94,"Optimal"
"12/18/2014",12,18,2014,23,4,1,0,37.04,"Optimal"
"12/19/2014",12,19,2014,0,5,1,0,37.04,"Optimal"
"12/19/2014",12,19,2014,1,5,1,0,37.04,"Optimal"
"12/19/2014",12,19,2014,2,5,1,0,35.96,"Optimal"
"12/19/2014",12,19,2014,3,5,1,0,35.06,"Optimal"
"12/19/2014",12,19,2014,4,5,1,0,35.06,"Optimal"
"12/19/2014",12,19,2014,5,5,1,0,33.98,"Optimal"
"12/19/2014",12,19,2014,6,5,1,1,33.98,"Optimal"
"12/19/2014",12,19,2014,7,5,1,1,33.98,"Above_Normal"
"12/19/2014",12,19,2014,8,5,1,1,35.06,"Above_Normal"
"12/19/2014",12,19,2014,9,5,1,1,33.98,"Above_Normal"
"12/19/2014",12,19,2014,10,5,1,1,33.98,"Above_Normal"
"12/19/2014",12,19,2014,11,5,1,1,35.06,"Above_Normal"
"12/19/2014",12,19,2014,12,5,1,1,35.06,"Above_Normal"
"12/19/2014",12,19,2014,13,5,1,1,35.06,"Above_Normal"
"12/19/2014",12,19,2014,14,5,1,1,35.06,"Above_Normal"
"12/19/2014",12,19,2014,15,5,1,1,35.06,"Optimal"
"12/19/2014",12,19,2014,16,5,1,1,33.08,"Optimal"
"12/19/2014",12,19,2014,17,5,1,1,32,"Optimal"
"12/19/2014",12,19,2014,18,5,1,1,30.92,"Optimal"
"12/19/2014",12,19,2014,19,5,1,0,30.92,"Optimal"
"12/19/2014",12,19,2014,20,5,1,0,30.02,"Optimal"
"12/19/2014",12,19,2014,21,5,1,0,30.02,"Optimal"
"12/19/2014",12,19,2014,22,5,1,0,28.94,"Optimal"
"12/19/2014",12,19,2014,23,5,1,0,28.94,"Optimal"
"12/20/2014",12,20,2014,0,6,0,0,28.04,"Optimal"
"12/20/2014",12,20,2014,1,6,0,0,28.04,"Optimal"
"12/20/2014",12,20,2014,2,6,0,0,28.04,"Optimal"
"12/20/2014",12,20,2014,3,6,0,0,28.04,"Optimal"
"12/20/2014",12,20,2014,4,6,0,0,28.04,"Optimal"
"12/20/2014",12,20,2014,5,6,0,0,28.04,"Optimal"
"12/20/2014",12,20,2014,6,6,0,1,26.96,"Optimal"
"12/20/2014",12,20,2014,7,6,0,1,28.04,"Optimal"
"12/20/2014",12,20,2014,8,6,0,1,30.02,"Optimal"
"12/20/2014",12,20,2014,9,6,0,1,30.11,"Optimal"
"12/20/2014",12,20,2014,10,6,0,1,30.92,"Optimal"
"12/20/2014",12,20,2014,11,6,0,1,33.08,"Optimal"
"12/20/2014",12,20,2014,12,6,0,1,33.08,"Optimal"
"12/20/2014",12,20,2014,13,6,0,1,33.98,"Optimal"
"12/20/2014",12,20,2014,14,6,0,1,33.8,"Optimal"
"12/20/2014",12,20,2014,15,6,0,1,33.98,"Optimal"
"12/20/2014",12,20,2014,16,6,0,1,33.08,"Optimal"
"12/20/2014",12,20,2014,17,6,0,1,33.44,"Optimal"
"12/20/2014",12,20,2014,18,6,0,1,33.89,"Optimal"
"12/20/2014",12,20,2014,19,6,0,0,35.06,"Optimal"
"12/20/2014",12,20,2014,20,6,0,0,35.06,"Optimal"
"12/20/2014",12,20,2014,21,6,0,0,35.06,"Optimal"
"12/20/2014",12,20,2014,22,6,0,0,35.06,"Optimal"
"12/20/2014",12,20,2014,23,6,0,0,35.06,"Optimal"
"12/21/2014",12,21,2014,0,0,0,0,35.06,"Optimal"
"12/21/2014",12,21,2014,1,0,0,0,35.33,"Optimal"
"12/21/2014",12,21,2014,2,0,0,0,35.06,"Optimal"
"12/21/2014",12,21,2014,3,0,0,0,35.06,"Optimal"
"12/21/2014",12,21,2014,4,0,0,0,32,"Optimal"
"12/21/2014",12,21,2014,5,0,0,0,32,"Optimal"
"12/21/2014",12,21,2014,6,0,0,1,30.92,"Optimal"
"12/21/2014",12,21,2014,7,0,0,1,30.02,"Optimal"
"12/21/2014",12,21,2014,8,0,0,1,30.02,"Optimal"
"12/21/2014",12,21,2014,9,0,0,1,30.11,"Optimal"
"12/21/2014",12,21,2014,10,0,0,1,30.92,"Optimal"
"12/21/2014",12,21,2014,11,0,0,1,32,"Optimal"
"12/21/2014",12,21,2014,12,0,0,1,32,"Optimal"
"12/21/2014",12,21,2014,13,0,0,1,33.08,"Optimal"
"12/21/2014",12,21,2014,14,0,0,1,33.08,"Optimal"
"12/21/2014",12,21,2014,15,0,0,1,33.8,"Optimal"
"12/21/2014",12,21,2014,16,0,0,1,33.98,"Optimal"
"12/21/2014",12,21,2014,17,0,0,1,33.89,"Optimal"
"12/21/2014",12,21,2014,18,0,0,1,33.98,"Optimal"
"12/21/2014",12,21,2014,19,0,0,0,33.98,"Optimal"
"12/21/2014",12,21,2014,20,0,0,0,33.98,"Optimal"
"12/21/2014",12,21,2014,21,0,0,0,33.98,"Optimal"
"12/21/2014",12,21,2014,22,0,0,0,33.98,"Optimal"
"12/21/2014",12,21,2014,23,0,0,0,33.98,"Optimal"
"12/22/2014",12,22,2014,0,1,1,0,33.08,"Optimal"
"12/22/2014",12,22,2014,1,1,1,0,33.08,"Optimal"
"12/22/2014",12,22,2014,2,1,1,0,33.08,"Optimal"
"12/22/2014",12,22,2014,3,1,1,0,33.08,"Optimal"
"12/22/2014",12,22,2014,4,1,1,0,33.08,"Optimal"
"12/22/2014",12,22,2014,5,1,1,0,33.08,"Optimal"
"12/22/2014",12,22,2014,6,1,1,1,33.56,"Optimal"
"12/22/2014",12,22,2014,7,1,1,1,33.98,"Above_Normal"
"12/22/2014",12,22,2014,8,1,1,1,35.06,"Above_Normal"
"12/22/2014",12,22,2014,9,1,1,1,37.94,"Above_Normal"
"12/22/2014",12,22,2014,10,1,1,1,39.92,"Above_Normal"
"12/22/2014",12,22,2014,11,1,1,1,42.08,"Above_Normal"
"12/22/2014",12,22,2014,12,1,1,1,44.06,"Above_Normal"
"12/22/2014",12,22,2014,13,1,1,1,43.46,"Above_Normal"
"12/22/2014",12,22,2014,14,1,1,1,42.44,"Above_Normal"
"12/22/2014",12,22,2014,15,1,1,1,41.9,"Optimal"
"12/22/2014",12,22,2014,16,1,1,1,41,"Optimal"
"12/22/2014",12,22,2014,17,1,1,1,41,"Optimal"
"12/22/2014",12,22,2014,18,1,1,1,40.1,"Optimal"
"12/22/2014",12,22,2014,19,1,1,0,42.56,"Optimal"
"12/22/2014",12,22,2014,20,1,1,0,41,"Optimal"
"12/22/2014",12,22,2014,21,1,1,0,42.08,"Optimal"
"12/22/2014",12,22,2014,22,1,1,0,42.08,"Optimal"
"12/22/2014",12,22,2014,23,1,1,0,42.08,"Optimal"
"12/23/2014",12,23,2014,0,2,1,0,42.89,"Optimal"
"12/23/2014",12,23,2014,1,2,1,0,42.89,"Optimal"
"12/23/2014",12,23,2014,2,2,1,0,42.86,"Optimal"
"12/23/2014",12,23,2014,3,2,1,0,42.86,"Optimal"
"12/23/2014",12,23,2014,4,2,1,0,43.43,"Optimal"
"12/23/2014",12,23,2014,5,2,1,0,42.98,"Optimal"
"12/23/2014",12,23,2014,6,2,1,1,42.845,"Optimal"
"12/23/2014",12,23,2014,7,2,1,1,44.06,"Above_Normal"
"12/23/2014",12,23,2014,8,2,1,1,44.06,"Above_Normal"
"12/23/2014",12,23,2014,9,2,1,1,44.96,"Above_Normal"
"12/23/2014",12,23,2014,10,2,1,1,44.06,"Above_Normal"
"12/23/2014",12,23,2014,11,2,1,1,44.96,"Above_Normal"
"12/23/2014",12,23,2014,12,2,1,1,44.96,"Above_Normal"
"12/23/2014",12,23,2014,13,2,1,1,44.72,"Above_Normal"
"12/23/2014",12,23,2014,14,2,1,1,44.96,"Above_Normal"
"12/23/2014",12,23,2014,15,2,1,1,44.96,"Optimal"
"12/23/2014",12,23,2014,16,2,1,1,45.68,"Optimal"
"12/23/2014",12,23,2014,17,2,1,1,46.04,"Optimal"
"12/23/2014",12,23,2014,18,2,1,1,46.04,"Optimal"
"12/23/2014",12,23,2014,19,2,1,0,46.04,"Optimal"
"12/23/2014",12,23,2014,20,2,1,0,46.04,"Optimal"
"12/23/2014",12,23,2014,21,2,1,0,42.98,"Optimal"
"12/23/2014",12,23,2014,22,2,1,0,42.98,"Optimal"
"12/23/2014",12,23,2014,23,2,1,0,42.08,"Optimal"
"12/24/2014",12,24,2014,0,3,1,0,42.08,"Optimal"
"12/24/2014",12,24,2014,1,3,1,0,42.08,"Optimal"
"12/24/2014",12,24,2014,2,3,1,0,42.08,"Optimal"
"12/24/2014",12,24,2014,3,3,1,0,42.08,"Optimal"
"12/24/2014",12,24,2014,4,3,1,0,41,"Optimal"
"12/24/2014",12,24,2014,5,3,1,0,41,"Optimal"
"12/24/2014",12,24,2014,6,3,1,1,41,"Optimal"
"12/24/2014",12,24,2014,7,3,1,1,42.08,"Above_Normal"
"12/24/2014",12,24,2014,8,3,1,1,42.08,"Above_Normal"
"12/24/2014",12,24,2014,9,3,1,1,42.98,"Above_Normal"
"12/24/2014",12,24,2014,10,3,1,1,44.96,"Above_Normal"
"12/24/2014",12,24,2014,11,3,1,1,44.96,"Above_Normal"
"12/24/2014",12,24,2014,12,3,1,1,44.96,"Above_Normal"
"12/24/2014",12,24,2014,13,3,1,1,44.96,"Above_Normal"
"12/24/2014",12,24,2014,14,3,1,1,44.96,"Above_Normal"
"12/24/2014",12,24,2014,15,3,1,1,44.96,"Optimal"
"12/24/2014",12,24,2014,16,3,1,1,46.04,"Optimal"
"12/24/2014",12,24,2014,17,3,1,1,44.78,"Optimal"
"12/24/2014",12,24,2014,18,3,1,1,46.22,"Optimal"
"12/24/2014",12,24,2014,19,3,1,0,46.04,"Optimal"
"12/24/2014",12,24,2014,20,3,1,0,44.78,"Optimal"
"12/24/2014",12,24,2014,21,3,1,0,44.78,"Optimal"
"12/24/2014",12,24,2014,22,3,1,0,46.04,"Optimal"
"12/24/2014",12,24,2014,23,3,1,0,44.96,"Optimal"
"12/25/2014",12,25,2014,0,4,1,0,44.78,"Optimal"
"12/25/2014",12,25,2014,1,4,1,0,44.72,"Optimal"
"12/25/2014",12,25,2014,2,4,1,0,46.94,"Optimal"
"12/25/2014",12,25,2014,3,4,1,0,57.92,"Optimal"
"12/25/2014",12,25,2014,4,4,1,0,58.46,"Optimal"
"12/25/2014",12,25,2014,5,4,1,0,57.56,"Optimal"
"12/25/2014",12,25,2014,6,4,1,1,57.56,"Optimal"
"12/25/2014",12,25,2014,7,4,1,1,55.67,"Above_Normal"
"12/25/2014",12,25,2014,8,4,1,1,57.02,"Above_Normal"
"12/25/2014",12,25,2014,9,4,1,1,53.96,"Above_Normal"
"12/25/2014",12,25,2014,10,4,1,1,51.98,"Above_Normal"
"12/25/2014",12,25,2014,11,4,1,1,50,"Above_Normal"
"12/25/2014",12,25,2014,12,4,1,1,51.08,"Above_Normal"
"12/25/2014",12,25,2014,13,4,1,1,51.08,"Above_Normal"
"12/25/2014",12,25,2014,14,4,1,1,50,"Above_Normal"
"12/25/2014",12,25,2014,15,4,1,1,48.02,"Optimal"
"12/25/2014",12,25,2014,16,4,1,1,46.94,"Optimal"
"12/25/2014",12,25,2014,17,4,1,1,46.94,"Optimal"
"12/25/2014",12,25,2014,18,4,1,1,46.94,"Optimal"
"12/25/2014",12,25,2014,19,4,1,0,46.04,"Optimal"
"12/25/2014",12,25,2014,20,4,1,0,46.04,"Optimal"
"12/25/2014",12,25,2014,21,4,1,0,44.96,"Optimal"
"12/25/2014",12,25,2014,22,4,1,0,44.96,"Optimal"
"12/25/2014",12,25,2014,23,4,1,0,44.06,"Optimal"
"12/26/2014",12,26,2014,0,5,1,0,42.98,"Optimal"
"12/26/2014",12,26,2014,1,5,1,0,42.08,"Optimal"
"12/26/2014",12,26,2014,2,5,1,0,42.08,"Optimal"
"12/26/2014",12,26,2014,3,5,1,0,39.92,"Optimal"
"12/26/2014",12,26,2014,4,5,1,0,41,"Optimal"
"12/26/2014",12,26,2014,5,5,1,0,37.94,"Optimal"
"12/26/2014",12,26,2014,6,5,1,1,37.94,"Optimal"
"12/26/2014",12,26,2014,7,5,1,1,39.02,"Above_Normal"
"12/26/2014",12,26,2014,8,5,1,1,42.98,"Above_Normal"
"12/26/2014",12,26,2014,9,5,1,1,44.96,"Above_Normal"
"12/26/2014",12,26,2014,10,5,1,1,46.04,"Above_Normal"
"12/26/2014",12,26,2014,11,5,1,1,46.94,"Above_Normal"
"12/26/2014",12,26,2014,12,5,1,1,48.02,"Above_Normal"
"12/26/2014",12,26,2014,13,5,1,1,48.92,"Above_Normal"
"12/26/2014",12,26,2014,14,5,1,1,48.92,"Above_Normal"
"12/26/2014",12,26,2014,15,5,1,1,48.02,"Optimal"
"12/26/2014",12,26,2014,16,5,1,1,48.02,"Optimal"
"12/26/2014",12,26,2014,17,5,1,1,46.04,"Optimal"
"12/26/2014",12,26,2014,18,5,1,1,44.96,"Optimal"
"12/26/2014",12,26,2014,19,5,1,0,44.06,"Optimal"
"12/26/2014",12,26,2014,20,5,1,0,42.98,"Optimal"
"12/26/2014",12,26,2014,21,5,1,0,42.98,"Optimal"
"12/26/2014",12,26,2014,22,5,1,0,42.08,"Optimal"
"12/26/2014",12,26,2014,23,5,1,0,41,"Optimal"
"12/27/2014",12,27,2014,0,6,0,0,39.92,"Optimal"
"12/27/2014",12,27,2014,1,6,0,0,39.92,"Optimal"
"12/27/2014",12,27,2014,2,6,0,0,41,"Optimal"
"12/27/2014",12,27,2014,3,6,0,0,41,"Optimal"
"12/27/2014",12,27,2014,4,6,0,0,39.92,"Optimal"
"12/27/2014",12,27,2014,5,6,0,0,41,"Optimal"
"12/27/2014",12,27,2014,6,6,0,1,39.92,"Optimal"
"12/27/2014",12,27,2014,7,6,0,1,41,"Optimal"
"12/27/2014",12,27,2014,8,6,0,1,42.98,"Optimal"
"12/27/2014",12,27,2014,9,6,0,1,44.96,"Optimal"
"12/27/2014",12,27,2014,10,6,0,1,48.02,"Optimal"
"12/27/2014",12,27,2014,11,6,0,1,50,"Optimal"
"12/27/2014",12,27,2014,12,6,0,1,51.98,"Optimal"
"12/27/2014",12,27,2014,13,6,0,1,51.8,"Optimal"
"12/27/2014",12,27,2014,14,6,0,1,51.98,"Optimal"
"12/27/2014",12,27,2014,15,6,0,1,50,"Optimal"
"12/27/2014",12,27,2014,16,6,0,1,48.02,"Optimal"
"12/27/2014",12,27,2014,17,6,0,1,46.94,"Optimal"
"12/27/2014",12,27,2014,18,6,0,1,46.04,"Optimal"
"12/27/2014",12,27,2014,19,6,0,0,44.96,"Optimal"
"12/27/2014",12,27,2014,20,6,0,0,44.06,"Optimal"
"12/27/2014",12,27,2014,21,6,0,0,42.98,"Optimal"
"12/27/2014",12,27,2014,22,6,0,0,44.06,"Optimal"
"12/27/2014",12,27,2014,23,6,0,0,42.98,"Optimal"
"12/28/2014",12,28,2014,0,0,0,0,44.96,"Optimal"
"12/28/2014",12,28,2014,1,0,0,0,44.96,"Optimal"
"12/28/2014",12,28,2014,2,0,0,0,44.96,"Optimal"
"12/28/2014",12,28,2014,3,0,0,0,44.96,"Optimal"
"12/28/2014",12,28,2014,4,0,0,0,44.96,"Optimal"
"12/28/2014",12,28,2014,5,0,0,0,44.96,"Optimal"
"12/28/2014",12,28,2014,6,0,0,1,44.96,"Optimal"
"12/28/2014",12,28,2014,7,0,0,1,46.04,"Optimal"
"12/28/2014",12,28,2014,8,0,0,1,46.04,"Optimal"
"12/28/2014",12,28,2014,9,0,0,1,46.94,"Optimal"
"12/28/2014",12,28,2014,10,0,0,1,48.02,"Optimal"
"12/28/2014",12,28,2014,11,0,0,1,48.92,"Optimal"
"12/28/2014",12,28,2014,12,0,0,1,50,"Optimal"
"12/28/2014",12,28,2014,13,0,0,1,51.08,"Optimal"
"12/28/2014",12,28,2014,14,0,0,1,51.98,"Optimal"
"12/28/2014",12,28,2014,15,0,0,1,48.92,"Optimal"
"12/28/2014",12,28,2014,16,0,0,1,46.94,"Optimal"
"12/28/2014",12,28,2014,17,0,0,1,46.94,"Optimal"
"12/28/2014",12,28,2014,18,0,0,1,46.04,"Optimal"
"12/28/2014",12,28,2014,19,0,0,0,44.96,"Optimal"
"12/28/2014",12,28,2014,20,0,0,0,44.06,"Optimal"
"12/28/2014",12,28,2014,21,0,0,0,42.08,"Optimal"
"12/28/2014",12,28,2014,22,0,0,0,41,"Optimal"
"12/28/2014",12,28,2014,23,0,0,0,39.92,"Optimal"
"12/29/2014",12,29,2014,0,1,1,0,39.02,"Optimal"
"12/29/2014",12,29,2014,1,1,1,0,37.94,"Optimal"
"12/29/2014",12,29,2014,2,1,1,0,37.04,"Optimal"
"12/29/2014",12,29,2014,3,1,1,0,35.96,"Optimal"
"12/29/2014",12,29,2014,4,1,1,0,35.96,"Optimal"
"12/29/2014",12,29,2014,5,1,1,0,35.96,"Optimal"
"12/29/2014",12,29,2014,6,1,1,1,35.06,"Optimal"
"12/29/2014",12,29,2014,7,1,1,1,35.06,"Above_Normal"
"12/29/2014",12,29,2014,8,1,1,1,35.06,"Above_Normal"
"12/29/2014",12,29,2014,9,1,1,1,39.02,"Above_Normal"
"12/29/2014",12,29,2014,10,1,1,1,39.92,"Above_Normal"
"12/29/2014",12,29,2014,11,1,1,1,41,"Above_Normal"
"12/29/2014",12,29,2014,12,1,1,1,39.92,"Above_Normal"
"12/29/2014",12,29,2014,13,1,1,1,41,"Above_Normal"
"12/29/2014",12,29,2014,14,1,1,1,39.92,"Above_Normal"
"12/29/2014",12,29,2014,15,1,1,1,39.92,"Optimal"
"12/29/2014",12,29,2014,16,1,1,1,39.02,"Optimal"
"12/29/2014",12,29,2014,17,1,1,1,37.94,"Optimal"
"12/29/2014",12,29,2014,18,1,1,1,35.06,"Optimal"
"12/29/2014",12,29,2014,19,1,1,0,33.08,"Optimal"
"12/29/2014",12,29,2014,20,1,1,0,32,"Optimal"
"12/29/2014",12,29,2014,21,1,1,0,30.92,"Optimal"
"12/29/2014",12,29,2014,22,1,1,0,30.92,"Optimal"
"12/29/2014",12,29,2014,23,1,1,0,30.02,"Optimal"
"12/30/2014",12,30,2014,0,2,1,0,28.04,"Optimal"
"12/30/2014",12,30,2014,1,2,1,0,26.96,"Optimal"
"12/30/2014",12,30,2014,2,2,1,0,24.98,"Optimal"
"12/30/2014",12,30,2014,3,2,1,0,24.08,"Optimal"
"12/30/2014",12,30,2014,4,2,1,0,24.08,"Optimal"
"12/30/2014",12,30,2014,5,2,1,0,23,"Optimal"
"12/30/2014",12,30,2014,6,2,1,1,23,"Optimal"
"12/30/2014",12,30,2014,7,2,1,1,23,"Above_Normal"
"12/30/2014",12,30,2014,8,2,1,1,24.08,"Above_Normal"
"12/30/2014",12,30,2014,9,2,1,1,24.98,"Above_Normal"
"12/30/2014",12,30,2014,10,2,1,1,26.06,"Above_Normal"
"12/30/2014",12,30,2014,11,2,1,1,26.96,"Above_Normal"
"12/30/2014",12,30,2014,12,2,1,1,28.04,"Above_Normal"
"12/30/2014",12,30,2014,13,2,1,1,28.94,"Above_Normal"
"12/30/2014",12,30,2014,14,2,1,1,30.02,"Above_Normal"
"12/30/2014",12,30,2014,15,2,1,1,28.94,"Optimal"
"12/30/2014",12,30,2014,16,2,1,1,28.04,"Optimal"
"12/30/2014",12,30,2014,17,2,1,1,26.96,"Optimal"
"12/30/2014",12,30,2014,18,2,1,1,26.06,"Optimal"
"12/30/2014",12,30,2014,19,2,1,0,24.98,"Optimal"
"12/30/2014",12,30,2014,20,2,1,0,24.98,"Optimal"
"12/30/2014",12,30,2014,21,2,1,0,24.08,"Optimal"
"12/30/2014",12,30,2014,22,2,1,0,23,"Optimal"
"12/30/2014",12,30,2014,23,2,1,0,21.92,"Optimal"
"12/31/2014",12,31,2014,0,3,1,0,21.02,"Optimal"
"12/31/2014",12,31,2014,1,3,1,0,19.94,"Optimal"
"12/31/2014",12,31,2014,2,3,1,0,19.94,"Optimal"
"12/31/2014",12,31,2014,3,3,1,0,19.94,"Optimal"
"12/31/2014",12,31,2014,4,3,1,0,19.94,"Optimal"
"12/31/2014",12,31,2014,5,3,1,0,19.94,"Optimal"
"12/31/2014",12,31,2014,6,3,1,1,19.94,"Optimal"
"12/31/2014",12,31,2014,7,3,1,1,21.02,"Above_Normal"
"12/31/2014",12,31,2014,8,3,1,1,24.08,"Above_Normal"
"12/31/2014",12,31,2014,9,3,1,1,26.06,"Above_Normal"
"12/31/2014",12,31,2014,10,3,1,1,28.04,"Above_Normal"
"12/31/2014",12,31,2014,11,3,1,1,28.94,"Above_Normal"
"12/31/2014",12,31,2014,12,3,1,1,28.94,"Above_Normal"
"12/31/2014",12,31,2014,13,3,1,1,28.94,"Above_Normal"
"12/31/2014",12,31,2014,14,3,1,1,28.94,"Above_Normal"
"12/31/2014",12,31,2014,15,3,1,1,28.04,"Optimal"
"12/31/2014",12,31,2014,16,3,1,1,26.96,"Optimal"
"12/31/2014",12,31,2014,17,3,1,1,26.06,"Optimal"
"12/31/2014",12,31,2014,18,3,1,1,26.06,"Optimal"
"12/31/2014",12,31,2014,19,3,1,0,24.98,"Optimal"
"12/31/2014",12,31,2014,20,3,1,0,24.98,"Optimal"
"12/31/2014",12,31,2014,21,3,1,0,23,"Optimal"
"12/31/2014",12,31,2014,22,3,1,0,21.92,"Optimal"
"12/31/2014",12,31,2014,23,3,1,0,21.92,"Optimal"
